movie_name,full_path,split
000.mp4,/faceforensics/ff++/original_sequences/youtube/c23/videos/000.mp4,test
001.mp4,/faceforensics/ff++/original_sequences/youtube/c23/videos/001.mp4,test
002.mp4,/faceforensics/ff++/original_sequences/youtube/c23/videos/002.mp4,train
003.mp4,/faceforensics/ff++/original_sequences/youtube/c23/videos/003.mp4,train
004.mp4,/faceforensics/ff++/original_sequences/youtube/c23/videos/004.mp4,train
005.mp4,/faceforensics/ff++/original_sequences/youtube/c23/videos/005.mp4,train
006.mp4,/faceforensics/ff++/original_sequences/youtube/c23/videos/006.mp4,val
007.mp4,/faceforensics/ff++/original_sequences/youtube/c23/videos/007.mp4,val
008.mp4,/faceforensics/ff++/original_sequences/youtube/c23/videos/008.mp4,train
009.mp4,/faceforensics/ff++/original_sequences/youtube/c23/videos/009.mp4,train
010.mp4,/faceforensics/ff++/original_sequences/youtube/c23/videos/010.mp4,val
011.mp4,/faceforensics/ff++/original_sequences/youtube/c23/videos/011.mp4,train
012.mp4,/faceforensics/ff++/original_sequences/youtube/c23/videos/012.mp4,train
013.mp4,/faceforensics/ff++/original_sequences/youtube/c23/videos/013.mp4,test
014.mp4,/faceforensics/ff++/original_sequences/youtube/c23/videos/014.mp4,train
015.mp4,/faceforensics/ff++/original_sequences/youtube/c23/videos/015.mp4,train
016.mp4,/faceforensics/ff++/original_sequences/youtube/c23/videos/016.mp4,train
017.mp4,/faceforensics/ff++/original_sequences/youtube/c23/videos/017.mp4,train
018.mp4,/faceforensics/ff++/original_sequences/youtube/c23/videos/018.mp4,train
019.mp4,/faceforensics/ff++/original_sequences/youtube/c23/videos/019.mp4,train
020.mp4,/faceforensics/ff++/original_sequences/youtube/c23/videos/020.mp4,train
021.mp4,/faceforensics/ff++/original_sequences/youtube/c23/videos/021.mp4,train
022.mp4,/faceforensics/ff++/original_sequences/youtube/c23/videos/022.mp4,train
023.mp4,/faceforensics/ff++/original_sequences/youtube/c23/videos/023.mp4,train
024.mp4,/faceforensics/ff++/original_sequences/youtube/c23/videos/024.mp4,test
025.mp4,/faceforensics/ff++/original_sequences/youtube/c23/videos/025.mp4,train
026.mp4,/faceforensics/ff++/original_sequences/youtube/c23/videos/026.mp4,train
027.mp4,/faceforensics/ff++/original_sequences/youtube/c23/videos/027.mp4,train
028.mp4,/faceforensics/ff++/original_sequences/youtube/c23/videos/028.mp4,train
029.mp4,/faceforensics/ff++/original_sequences/youtube/c23/videos/029.mp4,train
030.mp4,/faceforensics/ff++/original_sequences/youtube/c23/videos/030.mp4,train
031.mp4,/faceforensics/ff++/original_sequences/youtube/c23/videos/031.mp4,test
032.mp4,/faceforensics/ff++/original_sequences/youtube/c23/videos/032.mp4,train
033.mp4,/faceforensics/ff++/original_sequences/youtube/c23/videos/033.mp4,train
034.mp4,/faceforensics/ff++/original_sequences/youtube/c23/videos/034.mp4,train
035.mp4,/faceforensics/ff++/original_sequences/youtube/c23/videos/035.mp4,train
036.mp4,/faceforensics/ff++/original_sequences/youtube/c23/videos/036.mp4,train
037.mp4,/faceforensics/ff++/original_sequences/youtube/c23/videos/037.mp4,val
038.mp4,/faceforensics/ff++/original_sequences/youtube/c23/videos/038.mp4,train
039.mp4,/faceforensics/ff++/original_sequences/youtube/c23/videos/039.mp4,test
040.mp4,/faceforensics/ff++/original_sequences/youtube/c23/videos/040.mp4,train
041.mp4,/faceforensics/ff++/original_sequences/youtube/c23/videos/041.mp4,train
042.mp4,/faceforensics/ff++/original_sequences/youtube/c23/videos/042.mp4,train
043.mp4,/faceforensics/ff++/original_sequences/youtube/c23/videos/043.mp4,train
044.mp4,/faceforensics/ff++/original_sequences/youtube/c23/videos/044.mp4,train
045.mp4,/faceforensics/ff++/original_sequences/youtube/c23/videos/045.mp4,train
046.mp4,/faceforensics/ff++/original_sequences/youtube/c23/videos/046.mp4,train
047.mp4,/faceforensics/ff++/original_sequences/youtube/c23/videos/047.mp4,train
048.mp4,/faceforensics/ff++/original_sequences/youtube/c23/videos/048.mp4,test
049.mp4,/faceforensics/ff++/original_sequences/youtube/c23/videos/049.mp4,train
050.mp4,/faceforensics/ff++/original_sequences/youtube/c23/videos/050.mp4,train
051.mp4,/faceforensics/ff++/original_sequences/youtube/c23/videos/051.mp4,train
052.mp4,/faceforensics/ff++/original_sequences/youtube/c23/videos/052.mp4,val
053.mp4,/faceforensics/ff++/original_sequences/youtube/c23/videos/053.mp4,train
054.mp4,/faceforensics/ff++/original_sequences/youtube/c23/videos/054.mp4,train
055.mp4,/faceforensics/ff++/original_sequences/youtube/c23/videos/055.mp4,train
056.mp4,/faceforensics/ff++/original_sequences/youtube/c23/videos/056.mp4,train
057.mp4,/faceforensics/ff++/original_sequences/youtube/c23/videos/057.mp4,test
058.mp4,/faceforensics/ff++/original_sequences/youtube/c23/videos/058.mp4,train
059.mp4,/faceforensics/ff++/original_sequences/youtube/c23/videos/059.mp4,train
060.mp4,/faceforensics/ff++/original_sequences/youtube/c23/videos/060.mp4,train
061.mp4,/faceforensics/ff++/original_sequences/youtube/c23/videos/061.mp4,train
062.mp4,/faceforensics/ff++/original_sequences/youtube/c23/videos/062.mp4,train
063.mp4,/faceforensics/ff++/original_sequences/youtube/c23/videos/063.mp4,train
064.mp4,/faceforensics/ff++/original_sequences/youtube/c23/videos/064.mp4,train
065.mp4,/faceforensics/ff++/original_sequences/youtube/c23/videos/065.mp4,train
066.mp4,/faceforensics/ff++/original_sequences/youtube/c23/videos/066.mp4,train
067.mp4,/faceforensics/ff++/original_sequences/youtube/c23/videos/067.mp4,train
068.mp4,/faceforensics/ff++/original_sequences/youtube/c23/videos/068.mp4,val
069.mp4,/faceforensics/ff++/original_sequences/youtube/c23/videos/069.mp4,test
070.mp4,/faceforensics/ff++/original_sequences/youtube/c23/videos/070.mp4,val
071.mp4,/faceforensics/ff++/original_sequences/youtube/c23/videos/071.mp4,train
072.mp4,/faceforensics/ff++/original_sequences/youtube/c23/videos/072.mp4,train
073.mp4,/faceforensics/ff++/original_sequences/youtube/c23/videos/073.mp4,train
074.mp4,/faceforensics/ff++/original_sequences/youtube/c23/videos/074.mp4,train
075.mp4,/faceforensics/ff++/original_sequences/youtube/c23/videos/075.mp4,val
076.mp4,/faceforensics/ff++/original_sequences/youtube/c23/videos/076.mp4,train
077.mp4,/faceforensics/ff++/original_sequences/youtube/c23/videos/077.mp4,train
078.mp4,/faceforensics/ff++/original_sequences/youtube/c23/videos/078.mp4,train
079.mp4,/faceforensics/ff++/original_sequences/youtube/c23/videos/079.mp4,train
080.mp4,/faceforensics/ff++/original_sequences/youtube/c23/videos/080.mp4,test
081.mp4,/faceforensics/ff++/original_sequences/youtube/c23/videos/081.mp4,train
082.mp4,/faceforensics/ff++/original_sequences/youtube/c23/videos/082.mp4,test
083.mp4,/faceforensics/ff++/original_sequences/youtube/c23/videos/083.mp4,train
084.mp4,/faceforensics/ff++/original_sequences/youtube/c23/videos/084.mp4,train
085.mp4,/faceforensics/ff++/original_sequences/youtube/c23/videos/085.mp4,train
086.mp4,/faceforensics/ff++/original_sequences/youtube/c23/videos/086.mp4,train
087.mp4,/faceforensics/ff++/original_sequences/youtube/c23/videos/087.mp4,test
088.mp4,/faceforensics/ff++/original_sequences/youtube/c23/videos/088.mp4,train
089.mp4,/faceforensics/ff++/original_sequences/youtube/c23/videos/089.mp4,train
090.mp4,/faceforensics/ff++/original_sequences/youtube/c23/videos/090.mp4,train
091.mp4,/faceforensics/ff++/original_sequences/youtube/c23/videos/091.mp4,train
092.mp4,/faceforensics/ff++/original_sequences/youtube/c23/videos/092.mp4,val
093.mp4,/faceforensics/ff++/original_sequences/youtube/c23/videos/093.mp4,train
094.mp4,/faceforensics/ff++/original_sequences/youtube/c23/videos/094.mp4,train
095.mp4,/faceforensics/ff++/original_sequences/youtube/c23/videos/095.mp4,train
096.mp4,/faceforensics/ff++/original_sequences/youtube/c23/videos/096.mp4,train
097.mp4,/faceforensics/ff++/original_sequences/youtube/c23/videos/097.mp4,train
098.mp4,/faceforensics/ff++/original_sequences/youtube/c23/videos/098.mp4,test
099.mp4,/faceforensics/ff++/original_sequences/youtube/c23/videos/099.mp4,train
100.mp4,/faceforensics/ff++/original_sequences/youtube/c23/videos/100.mp4,val
101.mp4,/faceforensics/ff++/original_sequences/youtube/c23/videos/101.mp4,train
102.mp4,/faceforensics/ff++/original_sequences/youtube/c23/videos/102.mp4,train
103.mp4,/faceforensics/ff++/original_sequences/youtube/c23/videos/103.mp4,train
104.mp4,/faceforensics/ff++/original_sequences/youtube/c23/videos/104.mp4,train
105.mp4,/faceforensics/ff++/original_sequences/youtube/c23/videos/105.mp4,train
106.mp4,/faceforensics/ff++/original_sequences/youtube/c23/videos/106.mp4,train
107.mp4,/faceforensics/ff++/original_sequences/youtube/c23/videos/107.mp4,val
108.mp4,/faceforensics/ff++/original_sequences/youtube/c23/videos/108.mp4,train
109.mp4,/faceforensics/ff++/original_sequences/youtube/c23/videos/109.mp4,train
110.mp4,/faceforensics/ff++/original_sequences/youtube/c23/videos/110.mp4,test
111.mp4,/faceforensics/ff++/original_sequences/youtube/c23/videos/111.mp4,test
112.mp4,/faceforensics/ff++/original_sequences/youtube/c23/videos/112.mp4,val
113.mp4,/faceforensics/ff++/original_sequences/youtube/c23/videos/113.mp4,train
114.mp4,/faceforensics/ff++/original_sequences/youtube/c23/videos/114.mp4,test
115.mp4,/faceforensics/ff++/original_sequences/youtube/c23/videos/115.mp4,val
116.mp4,/faceforensics/ff++/original_sequences/youtube/c23/videos/116.mp4,val
117.mp4,/faceforensics/ff++/original_sequences/youtube/c23/videos/117.mp4,train
118.mp4,/faceforensics/ff++/original_sequences/youtube/c23/videos/118.mp4,train
119.mp4,/faceforensics/ff++/original_sequences/youtube/c23/videos/119.mp4,train
120.mp4,/faceforensics/ff++/original_sequences/youtube/c23/videos/120.mp4,train
121.mp4,/faceforensics/ff++/original_sequences/youtube/c23/videos/121.mp4,train
122.mp4,/faceforensics/ff++/original_sequences/youtube/c23/videos/122.mp4,train
123.mp4,/faceforensics/ff++/original_sequences/youtube/c23/videos/123.mp4,val
124.mp4,/faceforensics/ff++/original_sequences/youtube/c23/videos/124.mp4,train
125.mp4,/faceforensics/ff++/original_sequences/youtube/c23/videos/125.mp4,train
126.mp4,/faceforensics/ff++/original_sequences/youtube/c23/videos/126.mp4,train
127.mp4,/faceforensics/ff++/original_sequences/youtube/c23/videos/127.mp4,train
128.mp4,/faceforensics/ff++/original_sequences/youtube/c23/videos/128.mp4,train
129.mp4,/faceforensics/ff++/original_sequences/youtube/c23/videos/129.mp4,train
130.mp4,/faceforensics/ff++/original_sequences/youtube/c23/videos/130.mp4,train
131.mp4,/faceforensics/ff++/original_sequences/youtube/c23/videos/131.mp4,train
132.mp4,/faceforensics/ff++/original_sequences/youtube/c23/videos/132.mp4,train
133.mp4,/faceforensics/ff++/original_sequences/youtube/c23/videos/133.mp4,train
134.mp4,/faceforensics/ff++/original_sequences/youtube/c23/videos/134.mp4,train
135.mp4,/faceforensics/ff++/original_sequences/youtube/c23/videos/135.mp4,train
136.mp4,/faceforensics/ff++/original_sequences/youtube/c23/videos/136.mp4,train
137.mp4,/faceforensics/ff++/original_sequences/youtube/c23/videos/137.mp4,train
138.mp4,/faceforensics/ff++/original_sequences/youtube/c23/videos/138.mp4,train
139.mp4,/faceforensics/ff++/original_sequences/youtube/c23/videos/139.mp4,val
140.mp4,/faceforensics/ff++/original_sequences/youtube/c23/videos/140.mp4,train
141.mp4,/faceforensics/ff++/original_sequences/youtube/c23/videos/141.mp4,train
142.mp4,/faceforensics/ff++/original_sequences/youtube/c23/videos/142.mp4,train
143.mp4,/faceforensics/ff++/original_sequences/youtube/c23/videos/143.mp4,train
144.mp4,/faceforensics/ff++/original_sequences/youtube/c23/videos/144.mp4,train
145.mp4,/faceforensics/ff++/original_sequences/youtube/c23/videos/145.mp4,train
146.mp4,/faceforensics/ff++/original_sequences/youtube/c23/videos/146.mp4,test
147.mp4,/faceforensics/ff++/original_sequences/youtube/c23/videos/147.mp4,train
148.mp4,/faceforensics/ff++/original_sequences/youtube/c23/videos/148.mp4,train
149.mp4,/faceforensics/ff++/original_sequences/youtube/c23/videos/149.mp4,val
150.mp4,/faceforensics/ff++/original_sequences/youtube/c23/videos/150.mp4,train
151.mp4,/faceforensics/ff++/original_sequences/youtube/c23/videos/151.mp4,val
152.mp4,/faceforensics/ff++/original_sequences/youtube/c23/videos/152.mp4,val
153.mp4,/faceforensics/ff++/original_sequences/youtube/c23/videos/153.mp4,train
154.mp4,/faceforensics/ff++/original_sequences/youtube/c23/videos/154.mp4,train
155.mp4,/faceforensics/ff++/original_sequences/youtube/c23/videos/155.mp4,val
156.mp4,/faceforensics/ff++/original_sequences/youtube/c23/videos/156.mp4,val
157.mp4,/faceforensics/ff++/original_sequences/youtube/c23/videos/157.mp4,train
158.mp4,/faceforensics/ff++/original_sequences/youtube/c23/videos/158.mp4,test
159.mp4,/faceforensics/ff++/original_sequences/youtube/c23/videos/159.mp4,train
160.mp4,/faceforensics/ff++/original_sequences/youtube/c23/videos/160.mp4,train
161.mp4,/faceforensics/ff++/original_sequences/youtube/c23/videos/161.mp4,train
162.mp4,/faceforensics/ff++/original_sequences/youtube/c23/videos/162.mp4,train
163.mp4,/faceforensics/ff++/original_sequences/youtube/c23/videos/163.mp4,train
164.mp4,/faceforensics/ff++/original_sequences/youtube/c23/videos/164.mp4,train
165.mp4,/faceforensics/ff++/original_sequences/youtube/c23/videos/165.mp4,val
166.mp4,/faceforensics/ff++/original_sequences/youtube/c23/videos/166.mp4,test
167.mp4,/faceforensics/ff++/original_sequences/youtube/c23/videos/167.mp4,train
168.mp4,/faceforensics/ff++/original_sequences/youtube/c23/videos/168.mp4,train
169.mp4,/faceforensics/ff++/original_sequences/youtube/c23/videos/169.mp4,train
170.mp4,/faceforensics/ff++/original_sequences/youtube/c23/videos/170.mp4,train
171.mp4,/faceforensics/ff++/original_sequences/youtube/c23/videos/171.mp4,train
172.mp4,/faceforensics/ff++/original_sequences/youtube/c23/videos/172.mp4,test
173.mp4,/faceforensics/ff++/original_sequences/youtube/c23/videos/173.mp4,train
174.mp4,/faceforensics/ff++/original_sequences/youtube/c23/videos/174.mp4,test
175.mp4,/faceforensics/ff++/original_sequences/youtube/c23/videos/175.mp4,train
176.mp4,/faceforensics/ff++/original_sequences/youtube/c23/videos/176.mp4,train
177.mp4,/faceforensics/ff++/original_sequences/youtube/c23/videos/177.mp4,train
178.mp4,/faceforensics/ff++/original_sequences/youtube/c23/videos/178.mp4,train
179.mp4,/faceforensics/ff++/original_sequences/youtube/c23/videos/179.mp4,train
180.mp4,/faceforensics/ff++/original_sequences/youtube/c23/videos/180.mp4,train
181.mp4,/faceforensics/ff++/original_sequences/youtube/c23/videos/181.mp4,test
182.mp4,/faceforensics/ff++/original_sequences/youtube/c23/videos/182.mp4,train
183.mp4,/faceforensics/ff++/original_sequences/youtube/c23/videos/183.mp4,train
184.mp4,/faceforensics/ff++/original_sequences/youtube/c23/videos/184.mp4,train
185.mp4,/faceforensics/ff++/original_sequences/youtube/c23/videos/185.mp4,train
186.mp4,/faceforensics/ff++/original_sequences/youtube/c23/videos/186.mp4,train
187.mp4,/faceforensics/ff++/original_sequences/youtube/c23/videos/187.mp4,train
188.mp4,/faceforensics/ff++/original_sequences/youtube/c23/videos/188.mp4,train
189.mp4,/faceforensics/ff++/original_sequences/youtube/c23/videos/189.mp4,train
190.mp4,/faceforensics/ff++/original_sequences/youtube/c23/videos/190.mp4,train
191.mp4,/faceforensics/ff++/original_sequences/youtube/c23/videos/191.mp4,train
192.mp4,/faceforensics/ff++/original_sequences/youtube/c23/videos/192.mp4,train
193.mp4,/faceforensics/ff++/original_sequences/youtube/c23/videos/193.mp4,train
194.mp4,/faceforensics/ff++/original_sequences/youtube/c23/videos/194.mp4,train
195.mp4,/faceforensics/ff++/original_sequences/youtube/c23/videos/195.mp4,train
196.mp4,/faceforensics/ff++/original_sequences/youtube/c23/videos/196.mp4,train
197.mp4,/faceforensics/ff++/original_sequences/youtube/c23/videos/197.mp4,train
198.mp4,/faceforensics/ff++/original_sequences/youtube/c23/videos/198.mp4,train
199.mp4,/faceforensics/ff++/original_sequences/youtube/c23/videos/199.mp4,train
200.mp4,/faceforensics/ff++/original_sequences/youtube/c23/videos/200.mp4,test
201.mp4,/faceforensics/ff++/original_sequences/youtube/c23/videos/201.mp4,train
202.mp4,/faceforensics/ff++/original_sequences/youtube/c23/videos/202.mp4,train
203.mp4,/faceforensics/ff++/original_sequences/youtube/c23/videos/203.mp4,train
204.mp4,/faceforensics/ff++/original_sequences/youtube/c23/videos/204.mp4,train
205.mp4,/faceforensics/ff++/original_sequences/youtube/c23/videos/205.mp4,val
206.mp4,/faceforensics/ff++/original_sequences/youtube/c23/videos/206.mp4,val
207.mp4,/faceforensics/ff++/original_sequences/youtube/c23/videos/207.mp4,train
208.mp4,/faceforensics/ff++/original_sequences/youtube/c23/videos/208.mp4,test
209.mp4,/faceforensics/ff++/original_sequences/youtube/c23/videos/209.mp4,train
210.mp4,/faceforensics/ff++/original_sequences/youtube/c23/videos/210.mp4,test
211.mp4,/faceforensics/ff++/original_sequences/youtube/c23/videos/211.mp4,test
212.mp4,/faceforensics/ff++/original_sequences/youtube/c23/videos/212.mp4,train
213.mp4,/faceforensics/ff++/original_sequences/youtube/c23/videos/213.mp4,train
214.mp4,/faceforensics/ff++/original_sequences/youtube/c23/videos/214.mp4,train
215.mp4,/faceforensics/ff++/original_sequences/youtube/c23/videos/215.mp4,train
216.mp4,/faceforensics/ff++/original_sequences/youtube/c23/videos/216.mp4,train
217.mp4,/faceforensics/ff++/original_sequences/youtube/c23/videos/217.mp4,train
218.mp4,/faceforensics/ff++/original_sequences/youtube/c23/videos/218.mp4,train
219.mp4,/faceforensics/ff++/original_sequences/youtube/c23/videos/219.mp4,train
220.mp4,/faceforensics/ff++/original_sequences/youtube/c23/videos/220.mp4,val
221.mp4,/faceforensics/ff++/original_sequences/youtube/c23/videos/221.mp4,train
222.mp4,/faceforensics/ff++/original_sequences/youtube/c23/videos/222.mp4,train
223.mp4,/faceforensics/ff++/original_sequences/youtube/c23/videos/223.mp4,train
224.mp4,/faceforensics/ff++/original_sequences/youtube/c23/videos/224.mp4,test
225.mp4,/faceforensics/ff++/original_sequences/youtube/c23/videos/225.mp4,train
226.mp4,/faceforensics/ff++/original_sequences/youtube/c23/videos/226.mp4,val
227.mp4,/faceforensics/ff++/original_sequences/youtube/c23/videos/227.mp4,train
228.mp4,/faceforensics/ff++/original_sequences/youtube/c23/videos/228.mp4,train
229.mp4,/faceforensics/ff++/original_sequences/youtube/c23/videos/229.mp4,test
230.mp4,/faceforensics/ff++/original_sequences/youtube/c23/videos/230.mp4,train
231.mp4,/faceforensics/ff++/original_sequences/youtube/c23/videos/231.mp4,train
232.mp4,/faceforensics/ff++/original_sequences/youtube/c23/videos/232.mp4,train
233.mp4,/faceforensics/ff++/original_sequences/youtube/c23/videos/233.mp4,train
234.mp4,/faceforensics/ff++/original_sequences/youtube/c23/videos/234.mp4,val
235.mp4,/faceforensics/ff++/original_sequences/youtube/c23/videos/235.mp4,train
236.mp4,/faceforensics/ff++/original_sequences/youtube/c23/videos/236.mp4,train
237.mp4,/faceforensics/ff++/original_sequences/youtube/c23/videos/237.mp4,train
238.mp4,/faceforensics/ff++/original_sequences/youtube/c23/videos/238.mp4,train
239.mp4,/faceforensics/ff++/original_sequences/youtube/c23/videos/239.mp4,train
240.mp4,/faceforensics/ff++/original_sequences/youtube/c23/videos/240.mp4,train
241.mp4,/faceforensics/ff++/original_sequences/youtube/c23/videos/241.mp4,val
242.mp4,/faceforensics/ff++/original_sequences/youtube/c23/videos/242.mp4,train
243.mp4,/faceforensics/ff++/original_sequences/youtube/c23/videos/243.mp4,train
244.mp4,/faceforensics/ff++/original_sequences/youtube/c23/videos/244.mp4,train
245.mp4,/faceforensics/ff++/original_sequences/youtube/c23/videos/245.mp4,train
246.mp4,/faceforensics/ff++/original_sequences/youtube/c23/videos/246.mp4,val
247.mp4,/faceforensics/ff++/original_sequences/youtube/c23/videos/247.mp4,train
248.mp4,/faceforensics/ff++/original_sequences/youtube/c23/videos/248.mp4,train
249.mp4,/faceforensics/ff++/original_sequences/youtube/c23/videos/249.mp4,val
250.mp4,/faceforensics/ff++/original_sequences/youtube/c23/videos/250.mp4,train
251.mp4,/faceforensics/ff++/original_sequences/youtube/c23/videos/251.mp4,train
252.mp4,/faceforensics/ff++/original_sequences/youtube/c23/videos/252.mp4,train
253.mp4,/faceforensics/ff++/original_sequences/youtube/c23/videos/253.mp4,train
254.mp4,/faceforensics/ff++/original_sequences/youtube/c23/videos/254.mp4,test
255.mp4,/faceforensics/ff++/original_sequences/youtube/c23/videos/255.mp4,train
256.mp4,/faceforensics/ff++/original_sequences/youtube/c23/videos/256.mp4,train
257.mp4,/faceforensics/ff++/original_sequences/youtube/c23/videos/257.mp4,train
258.mp4,/faceforensics/ff++/original_sequences/youtube/c23/videos/258.mp4,train
259.mp4,/faceforensics/ff++/original_sequences/youtube/c23/videos/259.mp4,train
260.mp4,/faceforensics/ff++/original_sequences/youtube/c23/videos/260.mp4,train
261.mp4,/faceforensics/ff++/original_sequences/youtube/c23/videos/261.mp4,train
262.mp4,/faceforensics/ff++/original_sequences/youtube/c23/videos/262.mp4,train
263.mp4,/faceforensics/ff++/original_sequences/youtube/c23/videos/263.mp4,train
264.mp4,/faceforensics/ff++/original_sequences/youtube/c23/videos/264.mp4,val
265.mp4,/faceforensics/ff++/original_sequences/youtube/c23/videos/265.mp4,train
266.mp4,/faceforensics/ff++/original_sequences/youtube/c23/videos/266.mp4,train
267.mp4,/faceforensics/ff++/original_sequences/youtube/c23/videos/267.mp4,train
268.mp4,/faceforensics/ff++/original_sequences/youtube/c23/videos/268.mp4,train
269.mp4,/faceforensics/ff++/original_sequences/youtube/c23/videos/269.mp4,train
270.mp4,/faceforensics/ff++/original_sequences/youtube/c23/videos/270.mp4,test
271.mp4,/faceforensics/ff++/original_sequences/youtube/c23/videos/271.mp4,train
272.mp4,/faceforensics/ff++/original_sequences/youtube/c23/videos/272.mp4,train
273.mp4,/faceforensics/ff++/original_sequences/youtube/c23/videos/273.mp4,val
274.mp4,/faceforensics/ff++/original_sequences/youtube/c23/videos/274.mp4,train
275.mp4,/faceforensics/ff++/original_sequences/youtube/c23/videos/275.mp4,train
276.mp4,/faceforensics/ff++/original_sequences/youtube/c23/videos/276.mp4,train
277.mp4,/faceforensics/ff++/original_sequences/youtube/c23/videos/277.mp4,train
278.mp4,/faceforensics/ff++/original_sequences/youtube/c23/videos/278.mp4,train
279.mp4,/faceforensics/ff++/original_sequences/youtube/c23/videos/279.mp4,train
280.mp4,/faceforensics/ff++/original_sequences/youtube/c23/videos/280.mp4,train
281.mp4,/faceforensics/ff++/original_sequences/youtube/c23/videos/281.mp4,test
282.mp4,/faceforensics/ff++/original_sequences/youtube/c23/videos/282.mp4,train
283.mp4,/faceforensics/ff++/original_sequences/youtube/c23/videos/283.mp4,train
284.mp4,/faceforensics/ff++/original_sequences/youtube/c23/videos/284.mp4,val
285.mp4,/faceforensics/ff++/original_sequences/youtube/c23/videos/285.mp4,train
286.mp4,/faceforensics/ff++/original_sequences/youtube/c23/videos/286.mp4,train
287.mp4,/faceforensics/ff++/original_sequences/youtube/c23/videos/287.mp4,train
288.mp4,/faceforensics/ff++/original_sequences/youtube/c23/videos/288.mp4,train
289.mp4,/faceforensics/ff++/original_sequences/youtube/c23/videos/289.mp4,test
290.mp4,/faceforensics/ff++/original_sequences/youtube/c23/videos/290.mp4,test
291.mp4,/faceforensics/ff++/original_sequences/youtube/c23/videos/291.mp4,train
292.mp4,/faceforensics/ff++/original_sequences/youtube/c23/videos/292.mp4,train
293.mp4,/faceforensics/ff++/original_sequences/youtube/c23/videos/293.mp4,train
294.mp4,/faceforensics/ff++/original_sequences/youtube/c23/videos/294.mp4,train
295.mp4,/faceforensics/ff++/original_sequences/youtube/c23/videos/295.mp4,train
296.mp4,/faceforensics/ff++/original_sequences/youtube/c23/videos/296.mp4,val
297.mp4,/faceforensics/ff++/original_sequences/youtube/c23/videos/297.mp4,train
298.mp4,/faceforensics/ff++/original_sequences/youtube/c23/videos/298.mp4,train
299.mp4,/faceforensics/ff++/original_sequences/youtube/c23/videos/299.mp4,train
300.mp4,/faceforensics/ff++/original_sequences/youtube/c23/videos/300.mp4,train
301.mp4,/faceforensics/ff++/original_sequences/youtube/c23/videos/301.mp4,test
302.mp4,/faceforensics/ff++/original_sequences/youtube/c23/videos/302.mp4,train
303.mp4,/faceforensics/ff++/original_sequences/youtube/c23/videos/303.mp4,train
304.mp4,/faceforensics/ff++/original_sequences/youtube/c23/videos/304.mp4,train
305.mp4,/faceforensics/ff++/original_sequences/youtube/c23/videos/305.mp4,train
306.mp4,/faceforensics/ff++/original_sequences/youtube/c23/videos/306.mp4,train
307.mp4,/faceforensics/ff++/original_sequences/youtube/c23/videos/307.mp4,train
308.mp4,/faceforensics/ff++/original_sequences/youtube/c23/videos/308.mp4,train
309.mp4,/faceforensics/ff++/original_sequences/youtube/c23/videos/309.mp4,train
310.mp4,/faceforensics/ff++/original_sequences/youtube/c23/videos/310.mp4,train
311.mp4,/faceforensics/ff++/original_sequences/youtube/c23/videos/311.mp4,train
312.mp4,/faceforensics/ff++/original_sequences/youtube/c23/videos/312.mp4,test
313.mp4,/faceforensics/ff++/original_sequences/youtube/c23/videos/313.mp4,val
314.mp4,/faceforensics/ff++/original_sequences/youtube/c23/videos/314.mp4,train
315.mp4,/faceforensics/ff++/original_sequences/youtube/c23/videos/315.mp4,test
316.mp4,/faceforensics/ff++/original_sequences/youtube/c23/videos/316.mp4,train
317.mp4,/faceforensics/ff++/original_sequences/youtube/c23/videos/317.mp4,train
318.mp4,/faceforensics/ff++/original_sequences/youtube/c23/videos/318.mp4,train
319.mp4,/faceforensics/ff++/original_sequences/youtube/c23/videos/319.mp4,train
320.mp4,/faceforensics/ff++/original_sequences/youtube/c23/videos/320.mp4,train
321.mp4,/faceforensics/ff++/original_sequences/youtube/c23/videos/321.mp4,train
322.mp4,/faceforensics/ff++/original_sequences/youtube/c23/videos/322.mp4,train
323.mp4,/faceforensics/ff++/original_sequences/youtube/c23/videos/323.mp4,val
324.mp4,/faceforensics/ff++/original_sequences/youtube/c23/videos/324.mp4,train
325.mp4,/faceforensics/ff++/original_sequences/youtube/c23/videos/325.mp4,train
326.mp4,/faceforensics/ff++/original_sequences/youtube/c23/videos/326.mp4,test
327.mp4,/faceforensics/ff++/original_sequences/youtube/c23/videos/327.mp4,train
328.mp4,/faceforensics/ff++/original_sequences/youtube/c23/videos/328.mp4,train
329.mp4,/faceforensics/ff++/original_sequences/youtube/c23/videos/329.mp4,train
330.mp4,/faceforensics/ff++/original_sequences/youtube/c23/videos/330.mp4,train
331.mp4,/faceforensics/ff++/original_sequences/youtube/c23/videos/331.mp4,train
332.mp4,/faceforensics/ff++/original_sequences/youtube/c23/videos/332.mp4,val
333.mp4,/faceforensics/ff++/original_sequences/youtube/c23/videos/333.mp4,train
334.mp4,/faceforensics/ff++/original_sequences/youtube/c23/videos/334.mp4,train
335.mp4,/faceforensics/ff++/original_sequences/youtube/c23/videos/335.mp4,train
336.mp4,/faceforensics/ff++/original_sequences/youtube/c23/videos/336.mp4,test
337.mp4,/faceforensics/ff++/original_sequences/youtube/c23/videos/337.mp4,train
338.mp4,/faceforensics/ff++/original_sequences/youtube/c23/videos/338.mp4,val
339.mp4,/faceforensics/ff++/original_sequences/youtube/c23/videos/339.mp4,train
340.mp4,/faceforensics/ff++/original_sequences/youtube/c23/videos/340.mp4,train
341.mp4,/faceforensics/ff++/original_sequences/youtube/c23/videos/341.mp4,train
342.mp4,/faceforensics/ff++/original_sequences/youtube/c23/videos/342.mp4,train
343.mp4,/faceforensics/ff++/original_sequences/youtube/c23/videos/343.mp4,train
344.mp4,/faceforensics/ff++/original_sequences/youtube/c23/videos/344.mp4,train
345.mp4,/faceforensics/ff++/original_sequences/youtube/c23/videos/345.mp4,test
346.mp4,/faceforensics/ff++/original_sequences/youtube/c23/videos/346.mp4,train
347.mp4,/faceforensics/ff++/original_sequences/youtube/c23/videos/347.mp4,train
348.mp4,/faceforensics/ff++/original_sequences/youtube/c23/videos/348.mp4,train
349.mp4,/faceforensics/ff++/original_sequences/youtube/c23/videos/349.mp4,train
350.mp4,/faceforensics/ff++/original_sequences/youtube/c23/videos/350.mp4,train
351.mp4,/faceforensics/ff++/original_sequences/youtube/c23/videos/351.mp4,train
352.mp4,/faceforensics/ff++/original_sequences/youtube/c23/videos/352.mp4,train
353.mp4,/faceforensics/ff++/original_sequences/youtube/c23/videos/353.mp4,train
354.mp4,/faceforensics/ff++/original_sequences/youtube/c23/videos/354.mp4,train
355.mp4,/faceforensics/ff++/original_sequences/youtube/c23/videos/355.mp4,train
356.mp4,/faceforensics/ff++/original_sequences/youtube/c23/videos/356.mp4,test
357.mp4,/faceforensics/ff++/original_sequences/youtube/c23/videos/357.mp4,train
358.mp4,/faceforensics/ff++/original_sequences/youtube/c23/videos/358.mp4,train
359.mp4,/faceforensics/ff++/original_sequences/youtube/c23/videos/359.mp4,val
360.mp4,/faceforensics/ff++/original_sequences/youtube/c23/videos/360.mp4,train
361.mp4,/faceforensics/ff++/original_sequences/youtube/c23/videos/361.mp4,train
362.mp4,/faceforensics/ff++/original_sequences/youtube/c23/videos/362.mp4,train
363.mp4,/faceforensics/ff++/original_sequences/youtube/c23/videos/363.mp4,val
364.mp4,/faceforensics/ff++/original_sequences/youtube/c23/videos/364.mp4,train
365.mp4,/faceforensics/ff++/original_sequences/youtube/c23/videos/365.mp4,train
366.mp4,/faceforensics/ff++/original_sequences/youtube/c23/videos/366.mp4,val
367.mp4,/faceforensics/ff++/original_sequences/youtube/c23/videos/367.mp4,train
368.mp4,/faceforensics/ff++/original_sequences/youtube/c23/videos/368.mp4,train
369.mp4,/faceforensics/ff++/original_sequences/youtube/c23/videos/369.mp4,train
370.mp4,/faceforensics/ff++/original_sequences/youtube/c23/videos/370.mp4,train
371.mp4,/faceforensics/ff++/original_sequences/youtube/c23/videos/371.mp4,train
372.mp4,/faceforensics/ff++/original_sequences/youtube/c23/videos/372.mp4,test
373.mp4,/faceforensics/ff++/original_sequences/youtube/c23/videos/373.mp4,train
374.mp4,/faceforensics/ff++/original_sequences/youtube/c23/videos/374.mp4,train
375.mp4,/faceforensics/ff++/original_sequences/youtube/c23/videos/375.mp4,train
376.mp4,/faceforensics/ff++/original_sequences/youtube/c23/videos/376.mp4,train
377.mp4,/faceforensics/ff++/original_sequences/youtube/c23/videos/377.mp4,train
378.mp4,/faceforensics/ff++/original_sequences/youtube/c23/videos/378.mp4,train
379.mp4,/faceforensics/ff++/original_sequences/youtube/c23/videos/379.mp4,val
380.mp4,/faceforensics/ff++/original_sequences/youtube/c23/videos/380.mp4,train
381.mp4,/faceforensics/ff++/original_sequences/youtube/c23/videos/381.mp4,train
382.mp4,/faceforensics/ff++/original_sequences/youtube/c23/videos/382.mp4,train
383.mp4,/faceforensics/ff++/original_sequences/youtube/c23/videos/383.mp4,train
384.mp4,/faceforensics/ff++/original_sequences/youtube/c23/videos/384.mp4,train
385.mp4,/faceforensics/ff++/original_sequences/youtube/c23/videos/385.mp4,train
386.mp4,/faceforensics/ff++/original_sequences/youtube/c23/videos/386.mp4,train
387.mp4,/faceforensics/ff++/original_sequences/youtube/c23/videos/387.mp4,train
388.mp4,/faceforensics/ff++/original_sequences/youtube/c23/videos/388.mp4,train
389.mp4,/faceforensics/ff++/original_sequences/youtube/c23/videos/389.mp4,train
390.mp4,/faceforensics/ff++/original_sequences/youtube/c23/videos/390.mp4,train
391.mp4,/faceforensics/ff++/original_sequences/youtube/c23/videos/391.mp4,train
392.mp4,/faceforensics/ff++/original_sequences/youtube/c23/videos/392.mp4,train
393.mp4,/faceforensics/ff++/original_sequences/youtube/c23/videos/393.mp4,train
394.mp4,/faceforensics/ff++/original_sequences/youtube/c23/videos/394.mp4,train
395.mp4,/faceforensics/ff++/original_sequences/youtube/c23/videos/395.mp4,train
396.mp4,/faceforensics/ff++/original_sequences/youtube/c23/videos/396.mp4,train
397.mp4,/faceforensics/ff++/original_sequences/youtube/c23/videos/397.mp4,train
398.mp4,/faceforensics/ff++/original_sequences/youtube/c23/videos/398.mp4,train
399.mp4,/faceforensics/ff++/original_sequences/youtube/c23/videos/399.mp4,train
400.mp4,/faceforensics/ff++/original_sequences/youtube/c23/videos/400.mp4,train
401.mp4,/faceforensics/ff++/original_sequences/youtube/c23/videos/401.mp4,train
402.mp4,/faceforensics/ff++/original_sequences/youtube/c23/videos/402.mp4,train
403.mp4,/faceforensics/ff++/original_sequences/youtube/c23/videos/403.mp4,train
404.mp4,/faceforensics/ff++/original_sequences/youtube/c23/videos/404.mp4,train
405.mp4,/faceforensics/ff++/original_sequences/youtube/c23/videos/405.mp4,train
406.mp4,/faceforensics/ff++/original_sequences/youtube/c23/videos/406.mp4,test
407.mp4,/faceforensics/ff++/original_sequences/youtube/c23/videos/407.mp4,train
408.mp4,/faceforensics/ff++/original_sequences/youtube/c23/videos/408.mp4,val
409.mp4,/faceforensics/ff++/original_sequences/youtube/c23/videos/409.mp4,train
410.mp4,/faceforensics/ff++/original_sequences/youtube/c23/videos/410.mp4,train
411.mp4,/faceforensics/ff++/original_sequences/youtube/c23/videos/411.mp4,train
412.mp4,/faceforensics/ff++/original_sequences/youtube/c23/videos/412.mp4,test
413.mp4,/faceforensics/ff++/original_sequences/youtube/c23/videos/413.mp4,train
414.mp4,/faceforensics/ff++/original_sequences/youtube/c23/videos/414.mp4,val
415.mp4,/faceforensics/ff++/original_sequences/youtube/c23/videos/415.mp4,train
416.mp4,/faceforensics/ff++/original_sequences/youtube/c23/videos/416.mp4,train
417.mp4,/faceforensics/ff++/original_sequences/youtube/c23/videos/417.mp4,test
418.mp4,/faceforensics/ff++/original_sequences/youtube/c23/videos/418.mp4,val
419.mp4,/faceforensics/ff++/original_sequences/youtube/c23/videos/419.mp4,train
420.mp4,/faceforensics/ff++/original_sequences/youtube/c23/videos/420.mp4,test
421.mp4,/faceforensics/ff++/original_sequences/youtube/c23/videos/421.mp4,train
422.mp4,/faceforensics/ff++/original_sequences/youtube/c23/videos/422.mp4,val
423.mp4,/faceforensics/ff++/original_sequences/youtube/c23/videos/423.mp4,test
424.mp4,/faceforensics/ff++/original_sequences/youtube/c23/videos/424.mp4,test
425.mp4,/faceforensics/ff++/original_sequences/youtube/c23/videos/425.mp4,train
426.mp4,/faceforensics/ff++/original_sequences/youtube/c23/videos/426.mp4,train
427.mp4,/faceforensics/ff++/original_sequences/youtube/c23/videos/427.mp4,train
428.mp4,/faceforensics/ff++/original_sequences/youtube/c23/videos/428.mp4,test
429.mp4,/faceforensics/ff++/original_sequences/youtube/c23/videos/429.mp4,train
430.mp4,/faceforensics/ff++/original_sequences/youtube/c23/videos/430.mp4,train
431.mp4,/faceforensics/ff++/original_sequences/youtube/c23/videos/431.mp4,train
432.mp4,/faceforensics/ff++/original_sequences/youtube/c23/videos/432.mp4,train
433.mp4,/faceforensics/ff++/original_sequences/youtube/c23/videos/433.mp4,train
434.mp4,/faceforensics/ff++/original_sequences/youtube/c23/videos/434.mp4,train
435.mp4,/faceforensics/ff++/original_sequences/youtube/c23/videos/435.mp4,train
436.mp4,/faceforensics/ff++/original_sequences/youtube/c23/videos/436.mp4,train
437.mp4,/faceforensics/ff++/original_sequences/youtube/c23/videos/437.mp4,train
438.mp4,/faceforensics/ff++/original_sequences/youtube/c23/videos/438.mp4,train
439.mp4,/faceforensics/ff++/original_sequences/youtube/c23/videos/439.mp4,train
440.mp4,/faceforensics/ff++/original_sequences/youtube/c23/videos/440.mp4,train
441.mp4,/faceforensics/ff++/original_sequences/youtube/c23/videos/441.mp4,train
442.mp4,/faceforensics/ff++/original_sequences/youtube/c23/videos/442.mp4,train
443.mp4,/faceforensics/ff++/original_sequences/youtube/c23/videos/443.mp4,val
444.mp4,/faceforensics/ff++/original_sequences/youtube/c23/videos/444.mp4,train
445.mp4,/faceforensics/ff++/original_sequences/youtube/c23/videos/445.mp4,train
446.mp4,/faceforensics/ff++/original_sequences/youtube/c23/videos/446.mp4,train
447.mp4,/faceforensics/ff++/original_sequences/youtube/c23/videos/447.mp4,train
448.mp4,/faceforensics/ff++/original_sequences/youtube/c23/videos/448.mp4,train
449.mp4,/faceforensics/ff++/original_sequences/youtube/c23/videos/449.mp4,train
450.mp4,/faceforensics/ff++/original_sequences/youtube/c23/videos/450.mp4,train
451.mp4,/faceforensics/ff++/original_sequences/youtube/c23/videos/451.mp4,train
452.mp4,/faceforensics/ff++/original_sequences/youtube/c23/videos/452.mp4,train
453.mp4,/faceforensics/ff++/original_sequences/youtube/c23/videos/453.mp4,train
454.mp4,/faceforensics/ff++/original_sequences/youtube/c23/videos/454.mp4,train
455.mp4,/faceforensics/ff++/original_sequences/youtube/c23/videos/455.mp4,train
456.mp4,/faceforensics/ff++/original_sequences/youtube/c23/videos/456.mp4,train
457.mp4,/faceforensics/ff++/original_sequences/youtube/c23/videos/457.mp4,train
458.mp4,/faceforensics/ff++/original_sequences/youtube/c23/videos/458.mp4,train
459.mp4,/faceforensics/ff++/original_sequences/youtube/c23/videos/459.mp4,test
460.mp4,/faceforensics/ff++/original_sequences/youtube/c23/videos/460.mp4,train
461.mp4,/faceforensics/ff++/original_sequences/youtube/c23/videos/461.mp4,train
462.mp4,/faceforensics/ff++/original_sequences/youtube/c23/videos/462.mp4,train
463.mp4,/faceforensics/ff++/original_sequences/youtube/c23/videos/463.mp4,train
464.mp4,/faceforensics/ff++/original_sequences/youtube/c23/videos/464.mp4,train
465.mp4,/faceforensics/ff++/original_sequences/youtube/c23/videos/465.mp4,train
466.mp4,/faceforensics/ff++/original_sequences/youtube/c23/videos/466.mp4,val
467.mp4,/faceforensics/ff++/original_sequences/youtube/c23/videos/467.mp4,test
468.mp4,/faceforensics/ff++/original_sequences/youtube/c23/videos/468.mp4,val
469.mp4,/faceforensics/ff++/original_sequences/youtube/c23/videos/469.mp4,train
470.mp4,/faceforensics/ff++/original_sequences/youtube/c23/videos/470.mp4,test
471.mp4,/faceforensics/ff++/original_sequences/youtube/c23/videos/471.mp4,val
472.mp4,/faceforensics/ff++/original_sequences/youtube/c23/videos/472.mp4,train
473.mp4,/faceforensics/ff++/original_sequences/youtube/c23/videos/473.mp4,train
474.mp4,/faceforensics/ff++/original_sequences/youtube/c23/videos/474.mp4,train
475.mp4,/faceforensics/ff++/original_sequences/youtube/c23/videos/475.mp4,train
476.mp4,/faceforensics/ff++/original_sequences/youtube/c23/videos/476.mp4,train
477.mp4,/faceforensics/ff++/original_sequences/youtube/c23/videos/477.mp4,train
478.mp4,/faceforensics/ff++/original_sequences/youtube/c23/videos/478.mp4,train
479.mp4,/faceforensics/ff++/original_sequences/youtube/c23/videos/479.mp4,train
480.mp4,/faceforensics/ff++/original_sequences/youtube/c23/videos/480.mp4,val
481.mp4,/faceforensics/ff++/original_sequences/youtube/c23/videos/481.mp4,train
482.mp4,/faceforensics/ff++/original_sequences/youtube/c23/videos/482.mp4,train
483.mp4,/faceforensics/ff++/original_sequences/youtube/c23/videos/483.mp4,train
484.mp4,/faceforensics/ff++/original_sequences/youtube/c23/videos/484.mp4,train
485.mp4,/faceforensics/ff++/original_sequences/youtube/c23/videos/485.mp4,val
486.mp4,/faceforensics/ff++/original_sequences/youtube/c23/videos/486.mp4,train
487.mp4,/faceforensics/ff++/original_sequences/youtube/c23/videos/487.mp4,train
488.mp4,/faceforensics/ff++/original_sequences/youtube/c23/videos/488.mp4,train
489.mp4,/faceforensics/ff++/original_sequences/youtube/c23/videos/489.mp4,train
490.mp4,/faceforensics/ff++/original_sequences/youtube/c23/videos/490.mp4,train
491.mp4,/faceforensics/ff++/original_sequences/youtube/c23/videos/491.mp4,train
492.mp4,/faceforensics/ff++/original_sequences/youtube/c23/videos/492.mp4,val
493.mp4,/faceforensics/ff++/original_sequences/youtube/c23/videos/493.mp4,train
494.mp4,/faceforensics/ff++/original_sequences/youtube/c23/videos/494.mp4,train
495.mp4,/faceforensics/ff++/original_sequences/youtube/c23/videos/495.mp4,train
496.mp4,/faceforensics/ff++/original_sequences/youtube/c23/videos/496.mp4,train
497.mp4,/faceforensics/ff++/original_sequences/youtube/c23/videos/497.mp4,train
498.mp4,/faceforensics/ff++/original_sequences/youtube/c23/videos/498.mp4,val
499.mp4,/faceforensics/ff++/original_sequences/youtube/c23/videos/499.mp4,train
500.mp4,/faceforensics/ff++/original_sequences/youtube/c23/videos/500.mp4,train
501.mp4,/faceforensics/ff++/original_sequences/youtube/c23/videos/501.mp4,train
502.mp4,/faceforensics/ff++/original_sequences/youtube/c23/videos/502.mp4,val
503.mp4,/faceforensics/ff++/original_sequences/youtube/c23/videos/503.mp4,train
504.mp4,/faceforensics/ff++/original_sequences/youtube/c23/videos/504.mp4,train
505.mp4,/faceforensics/ff++/original_sequences/youtube/c23/videos/505.mp4,train
506.mp4,/faceforensics/ff++/original_sequences/youtube/c23/videos/506.mp4,test
507.mp4,/faceforensics/ff++/original_sequences/youtube/c23/videos/507.mp4,train
508.mp4,/faceforensics/ff++/original_sequences/youtube/c23/videos/508.mp4,train
509.mp4,/faceforensics/ff++/original_sequences/youtube/c23/videos/509.mp4,test
510.mp4,/faceforensics/ff++/original_sequences/youtube/c23/videos/510.mp4,test
511.mp4,/faceforensics/ff++/original_sequences/youtube/c23/videos/511.mp4,train
512.mp4,/faceforensics/ff++/original_sequences/youtube/c23/videos/512.mp4,val
513.mp4,/faceforensics/ff++/original_sequences/youtube/c23/videos/513.mp4,train
514.mp4,/faceforensics/ff++/original_sequences/youtube/c23/videos/514.mp4,train
515.mp4,/faceforensics/ff++/original_sequences/youtube/c23/videos/515.mp4,train
516.mp4,/faceforensics/ff++/original_sequences/youtube/c23/videos/516.mp4,train
517.mp4,/faceforensics/ff++/original_sequences/youtube/c23/videos/517.mp4,train
518.mp4,/faceforensics/ff++/original_sequences/youtube/c23/videos/518.mp4,train
519.mp4,/faceforensics/ff++/original_sequences/youtube/c23/videos/519.mp4,train
520.mp4,/faceforensics/ff++/original_sequences/youtube/c23/videos/520.mp4,train
521.mp4,/faceforensics/ff++/original_sequences/youtube/c23/videos/521.mp4,val
522.mp4,/faceforensics/ff++/original_sequences/youtube/c23/videos/522.mp4,train
523.mp4,/faceforensics/ff++/original_sequences/youtube/c23/videos/523.mp4,train
524.mp4,/faceforensics/ff++/original_sequences/youtube/c23/videos/524.mp4,train
525.mp4,/faceforensics/ff++/original_sequences/youtube/c23/videos/525.mp4,train
526.mp4,/faceforensics/ff++/original_sequences/youtube/c23/videos/526.mp4,train
527.mp4,/faceforensics/ff++/original_sequences/youtube/c23/videos/527.mp4,train
528.mp4,/faceforensics/ff++/original_sequences/youtube/c23/videos/528.mp4,train
529.mp4,/faceforensics/ff++/original_sequences/youtube/c23/videos/529.mp4,train
530.mp4,/faceforensics/ff++/original_sequences/youtube/c23/videos/530.mp4,train
531.mp4,/faceforensics/ff++/original_sequences/youtube/c23/videos/531.mp4,train
532.mp4,/faceforensics/ff++/original_sequences/youtube/c23/videos/532.mp4,train
533.mp4,/faceforensics/ff++/original_sequences/youtube/c23/videos/533.mp4,train
534.mp4,/faceforensics/ff++/original_sequences/youtube/c23/videos/534.mp4,train
535.mp4,/faceforensics/ff++/original_sequences/youtube/c23/videos/535.mp4,train
536.mp4,/faceforensics/ff++/original_sequences/youtube/c23/videos/536.mp4,train
537.mp4,/faceforensics/ff++/original_sequences/youtube/c23/videos/537.mp4,train
538.mp4,/faceforensics/ff++/original_sequences/youtube/c23/videos/538.mp4,train
539.mp4,/faceforensics/ff++/original_sequences/youtube/c23/videos/539.mp4,test
540.mp4,/faceforensics/ff++/original_sequences/youtube/c23/videos/540.mp4,train
541.mp4,/faceforensics/ff++/original_sequences/youtube/c23/videos/541.mp4,train
542.mp4,/faceforensics/ff++/original_sequences/youtube/c23/videos/542.mp4,train
543.mp4,/faceforensics/ff++/original_sequences/youtube/c23/videos/543.mp4,train
544.mp4,/faceforensics/ff++/original_sequences/youtube/c23/videos/544.mp4,train
545.mp4,/faceforensics/ff++/original_sequences/youtube/c23/videos/545.mp4,train
546.mp4,/faceforensics/ff++/original_sequences/youtube/c23/videos/546.mp4,train
547.mp4,/faceforensics/ff++/original_sequences/youtube/c23/videos/547.mp4,train
548.mp4,/faceforensics/ff++/original_sequences/youtube/c23/videos/548.mp4,val
549.mp4,/faceforensics/ff++/original_sequences/youtube/c23/videos/549.mp4,train
550.mp4,/faceforensics/ff++/original_sequences/youtube/c23/videos/550.mp4,train
551.mp4,/faceforensics/ff++/original_sequences/youtube/c23/videos/551.mp4,train
552.mp4,/faceforensics/ff++/original_sequences/youtube/c23/videos/552.mp4,train
553.mp4,/faceforensics/ff++/original_sequences/youtube/c23/videos/553.mp4,train
554.mp4,/faceforensics/ff++/original_sequences/youtube/c23/videos/554.mp4,train
555.mp4,/faceforensics/ff++/original_sequences/youtube/c23/videos/555.mp4,val
556.mp4,/faceforensics/ff++/original_sequences/youtube/c23/videos/556.mp4,train
557.mp4,/faceforensics/ff++/original_sequences/youtube/c23/videos/557.mp4,test
558.mp4,/faceforensics/ff++/original_sequences/youtube/c23/videos/558.mp4,test
559.mp4,/faceforensics/ff++/original_sequences/youtube/c23/videos/559.mp4,train
560.mp4,/faceforensics/ff++/original_sequences/youtube/c23/videos/560.mp4,val
561.mp4,/faceforensics/ff++/original_sequences/youtube/c23/videos/561.mp4,train
562.mp4,/faceforensics/ff++/original_sequences/youtube/c23/videos/562.mp4,train
563.mp4,/faceforensics/ff++/original_sequences/youtube/c23/videos/563.mp4,train
564.mp4,/faceforensics/ff++/original_sequences/youtube/c23/videos/564.mp4,train
565.mp4,/faceforensics/ff++/original_sequences/youtube/c23/videos/565.mp4,train
566.mp4,/faceforensics/ff++/original_sequences/youtube/c23/videos/566.mp4,test
567.mp4,/faceforensics/ff++/original_sequences/youtube/c23/videos/567.mp4,train
568.mp4,/faceforensics/ff++/original_sequences/youtube/c23/videos/568.mp4,train
569.mp4,/faceforensics/ff++/original_sequences/youtube/c23/videos/569.mp4,train
570.mp4,/faceforensics/ff++/original_sequences/youtube/c23/videos/570.mp4,train
571.mp4,/faceforensics/ff++/original_sequences/youtube/c23/videos/571.mp4,val
572.mp4,/faceforensics/ff++/original_sequences/youtube/c23/videos/572.mp4,train
573.mp4,/faceforensics/ff++/original_sequences/youtube/c23/videos/573.mp4,train
574.mp4,/faceforensics/ff++/original_sequences/youtube/c23/videos/574.mp4,val
575.mp4,/faceforensics/ff++/original_sequences/youtube/c23/videos/575.mp4,train
576.mp4,/faceforensics/ff++/original_sequences/youtube/c23/videos/576.mp4,test
577.mp4,/faceforensics/ff++/original_sequences/youtube/c23/videos/577.mp4,train
578.mp4,/faceforensics/ff++/original_sequences/youtube/c23/videos/578.mp4,test
579.mp4,/faceforensics/ff++/original_sequences/youtube/c23/videos/579.mp4,train
580.mp4,/faceforensics/ff++/original_sequences/youtube/c23/videos/580.mp4,test
581.mp4,/faceforensics/ff++/original_sequences/youtube/c23/videos/581.mp4,train
582.mp4,/faceforensics/ff++/original_sequences/youtube/c23/videos/582.mp4,val
583.mp4,/faceforensics/ff++/original_sequences/youtube/c23/videos/583.mp4,train
584.mp4,/faceforensics/ff++/original_sequences/youtube/c23/videos/584.mp4,train
585.mp4,/faceforensics/ff++/original_sequences/youtube/c23/videos/585.mp4,train
586.mp4,/faceforensics/ff++/original_sequences/youtube/c23/videos/586.mp4,val
587.mp4,/faceforensics/ff++/original_sequences/youtube/c23/videos/587.mp4,train
588.mp4,/faceforensics/ff++/original_sequences/youtube/c23/videos/588.mp4,train
589.mp4,/faceforensics/ff++/original_sequences/youtube/c23/videos/589.mp4,train
590.mp4,/faceforensics/ff++/original_sequences/youtube/c23/videos/590.mp4,train
591.mp4,/faceforensics/ff++/original_sequences/youtube/c23/videos/591.mp4,train
592.mp4,/faceforensics/ff++/original_sequences/youtube/c23/videos/592.mp4,train
593.mp4,/faceforensics/ff++/original_sequences/youtube/c23/videos/593.mp4,test
594.mp4,/faceforensics/ff++/original_sequences/youtube/c23/videos/594.mp4,train
595.mp4,/faceforensics/ff++/original_sequences/youtube/c23/videos/595.mp4,train
596.mp4,/faceforensics/ff++/original_sequences/youtube/c23/videos/596.mp4,train
597.mp4,/faceforensics/ff++/original_sequences/youtube/c23/videos/597.mp4,train
598.mp4,/faceforensics/ff++/original_sequences/youtube/c23/videos/598.mp4,train
599.mp4,/faceforensics/ff++/original_sequences/youtube/c23/videos/599.mp4,train
600.mp4,/faceforensics/ff++/original_sequences/youtube/c23/videos/600.mp4,train
601.mp4,/faceforensics/ff++/original_sequences/youtube/c23/videos/601.mp4,val
602.mp4,/faceforensics/ff++/original_sequences/youtube/c23/videos/602.mp4,train
603.mp4,/faceforensics/ff++/original_sequences/youtube/c23/videos/603.mp4,train
604.mp4,/faceforensics/ff++/original_sequences/youtube/c23/videos/604.mp4,test
605.mp4,/faceforensics/ff++/original_sequences/youtube/c23/videos/605.mp4,val
606.mp4,/faceforensics/ff++/original_sequences/youtube/c23/videos/606.mp4,test
607.mp4,/faceforensics/ff++/original_sequences/youtube/c23/videos/607.mp4,val
608.mp4,/faceforensics/ff++/original_sequences/youtube/c23/videos/608.mp4,train
609.mp4,/faceforensics/ff++/original_sequences/youtube/c23/videos/609.mp4,train
610.mp4,/faceforensics/ff++/original_sequences/youtube/c23/videos/610.mp4,train
611.mp4,/faceforensics/ff++/original_sequences/youtube/c23/videos/611.mp4,train
612.mp4,/faceforensics/ff++/original_sequences/youtube/c23/videos/612.mp4,train
613.mp4,/faceforensics/ff++/original_sequences/youtube/c23/videos/613.mp4,train
614.mp4,/faceforensics/ff++/original_sequences/youtube/c23/videos/614.mp4,train
615.mp4,/faceforensics/ff++/original_sequences/youtube/c23/videos/615.mp4,train
616.mp4,/faceforensics/ff++/original_sequences/youtube/c23/videos/616.mp4,train
617.mp4,/faceforensics/ff++/original_sequences/youtube/c23/videos/617.mp4,val
618.mp4,/faceforensics/ff++/original_sequences/youtube/c23/videos/618.mp4,val
619.mp4,/faceforensics/ff++/original_sequences/youtube/c23/videos/619.mp4,train
620.mp4,/faceforensics/ff++/original_sequences/youtube/c23/videos/620.mp4,train
621.mp4,/faceforensics/ff++/original_sequences/youtube/c23/videos/621.mp4,train
622.mp4,/faceforensics/ff++/original_sequences/youtube/c23/videos/622.mp4,train
623.mp4,/faceforensics/ff++/original_sequences/youtube/c23/videos/623.mp4,train
624.mp4,/faceforensics/ff++/original_sequences/youtube/c23/videos/624.mp4,train
625.mp4,/faceforensics/ff++/original_sequences/youtube/c23/videos/625.mp4,test
626.mp4,/faceforensics/ff++/original_sequences/youtube/c23/videos/626.mp4,train
627.mp4,/faceforensics/ff++/original_sequences/youtube/c23/videos/627.mp4,train
628.mp4,/faceforensics/ff++/original_sequences/youtube/c23/videos/628.mp4,train
629.mp4,/faceforensics/ff++/original_sequences/youtube/c23/videos/629.mp4,train
630.mp4,/faceforensics/ff++/original_sequences/youtube/c23/videos/630.mp4,train
631.mp4,/faceforensics/ff++/original_sequences/youtube/c23/videos/631.mp4,train
632.mp4,/faceforensics/ff++/original_sequences/youtube/c23/videos/632.mp4,train
633.mp4,/faceforensics/ff++/original_sequences/youtube/c23/videos/633.mp4,test
634.mp4,/faceforensics/ff++/original_sequences/youtube/c23/videos/634.mp4,train
635.mp4,/faceforensics/ff++/original_sequences/youtube/c23/videos/635.mp4,val
636.mp4,/faceforensics/ff++/original_sequences/youtube/c23/videos/636.mp4,val
637.mp4,/faceforensics/ff++/original_sequences/youtube/c23/videos/637.mp4,train
638.mp4,/faceforensics/ff++/original_sequences/youtube/c23/videos/638.mp4,train
639.mp4,/faceforensics/ff++/original_sequences/youtube/c23/videos/639.mp4,train
640.mp4,/faceforensics/ff++/original_sequences/youtube/c23/videos/640.mp4,train
641.mp4,/faceforensics/ff++/original_sequences/youtube/c23/videos/641.mp4,train
642.mp4,/faceforensics/ff++/original_sequences/youtube/c23/videos/642.mp4,train
643.mp4,/faceforensics/ff++/original_sequences/youtube/c23/videos/643.mp4,val
644.mp4,/faceforensics/ff++/original_sequences/youtube/c23/videos/644.mp4,train
645.mp4,/faceforensics/ff++/original_sequences/youtube/c23/videos/645.mp4,train
646.mp4,/faceforensics/ff++/original_sequences/youtube/c23/videos/646.mp4,train
647.mp4,/faceforensics/ff++/original_sequences/youtube/c23/videos/647.mp4,train
648.mp4,/faceforensics/ff++/original_sequences/youtube/c23/videos/648.mp4,train
649.mp4,/faceforensics/ff++/original_sequences/youtube/c23/videos/649.mp4,train
650.mp4,/faceforensics/ff++/original_sequences/youtube/c23/videos/650.mp4,train
651.mp4,/faceforensics/ff++/original_sequences/youtube/c23/videos/651.mp4,train
652.mp4,/faceforensics/ff++/original_sequences/youtube/c23/videos/652.mp4,train
653.mp4,/faceforensics/ff++/original_sequences/youtube/c23/videos/653.mp4,val
654.mp4,/faceforensics/ff++/original_sequences/youtube/c23/videos/654.mp4,train
655.mp4,/faceforensics/ff++/original_sequences/youtube/c23/videos/655.mp4,train
656.mp4,/faceforensics/ff++/original_sequences/youtube/c23/videos/656.mp4,train
657.mp4,/faceforensics/ff++/original_sequences/youtube/c23/videos/657.mp4,train
658.mp4,/faceforensics/ff++/original_sequences/youtube/c23/videos/658.mp4,train
659.mp4,/faceforensics/ff++/original_sequences/youtube/c23/videos/659.mp4,train
660.mp4,/faceforensics/ff++/original_sequences/youtube/c23/videos/660.mp4,train
661.mp4,/faceforensics/ff++/original_sequences/youtube/c23/videos/661.mp4,train
662.mp4,/faceforensics/ff++/original_sequences/youtube/c23/videos/662.mp4,val
663.mp4,/faceforensics/ff++/original_sequences/youtube/c23/videos/663.mp4,train
664.mp4,/faceforensics/ff++/original_sequences/youtube/c23/videos/664.mp4,val
665.mp4,/faceforensics/ff++/original_sequences/youtube/c23/videos/665.mp4,train
666.mp4,/faceforensics/ff++/original_sequences/youtube/c23/videos/666.mp4,test
667.mp4,/faceforensics/ff++/original_sequences/youtube/c23/videos/667.mp4,train
668.mp4,/faceforensics/ff++/original_sequences/youtube/c23/videos/668.mp4,val
669.mp4,/faceforensics/ff++/original_sequences/youtube/c23/videos/669.mp4,train
670.mp4,/faceforensics/ff++/original_sequences/youtube/c23/videos/670.mp4,train
671.mp4,/faceforensics/ff++/original_sequences/youtube/c23/videos/671.mp4,train
672.mp4,/faceforensics/ff++/original_sequences/youtube/c23/videos/672.mp4,train
673.mp4,/faceforensics/ff++/original_sequences/youtube/c23/videos/673.mp4,train
674.mp4,/faceforensics/ff++/original_sequences/youtube/c23/videos/674.mp4,train
675.mp4,/faceforensics/ff++/original_sequences/youtube/c23/videos/675.mp4,test
676.mp4,/faceforensics/ff++/original_sequences/youtube/c23/videos/676.mp4,train
677.mp4,/faceforensics/ff++/original_sequences/youtube/c23/videos/677.mp4,train
678.mp4,/faceforensics/ff++/original_sequences/youtube/c23/videos/678.mp4,train
679.mp4,/faceforensics/ff++/original_sequences/youtube/c23/videos/679.mp4,train
680.mp4,/faceforensics/ff++/original_sequences/youtube/c23/videos/680.mp4,train
681.mp4,/faceforensics/ff++/original_sequences/youtube/c23/videos/681.mp4,val
682.mp4,/faceforensics/ff++/original_sequences/youtube/c23/videos/682.mp4,train
683.mp4,/faceforensics/ff++/original_sequences/youtube/c23/videos/683.mp4,train
684.mp4,/faceforensics/ff++/original_sequences/youtube/c23/videos/684.mp4,test
685.mp4,/faceforensics/ff++/original_sequences/youtube/c23/videos/685.mp4,train
686.mp4,/faceforensics/ff++/original_sequences/youtube/c23/videos/686.mp4,train
687.mp4,/faceforensics/ff++/original_sequences/youtube/c23/videos/687.mp4,train
688.mp4,/faceforensics/ff++/original_sequences/youtube/c23/videos/688.mp4,train
689.mp4,/faceforensics/ff++/original_sequences/youtube/c23/videos/689.mp4,train
690.mp4,/faceforensics/ff++/original_sequences/youtube/c23/videos/690.mp4,train
691.mp4,/faceforensics/ff++/original_sequences/youtube/c23/videos/691.mp4,train
692.mp4,/faceforensics/ff++/original_sequences/youtube/c23/videos/692.mp4,train
693.mp4,/faceforensics/ff++/original_sequences/youtube/c23/videos/693.mp4,train
694.mp4,/faceforensics/ff++/original_sequences/youtube/c23/videos/694.mp4,train
695.mp4,/faceforensics/ff++/original_sequences/youtube/c23/videos/695.mp4,train
696.mp4,/faceforensics/ff++/original_sequences/youtube/c23/videos/696.mp4,train
697.mp4,/faceforensics/ff++/original_sequences/youtube/c23/videos/697.mp4,train
698.mp4,/faceforensics/ff++/original_sequences/youtube/c23/videos/698.mp4,test
699.mp4,/faceforensics/ff++/original_sequences/youtube/c23/videos/699.mp4,train
700.mp4,/faceforensics/ff++/original_sequences/youtube/c23/videos/700.mp4,val
701.mp4,/faceforensics/ff++/original_sequences/youtube/c23/videos/701.mp4,train
702.mp4,/faceforensics/ff++/original_sequences/youtube/c23/videos/702.mp4,val
703.mp4,/faceforensics/ff++/original_sequences/youtube/c23/videos/703.mp4,train
704.mp4,/faceforensics/ff++/original_sequences/youtube/c23/videos/704.mp4,train
705.mp4,/faceforensics/ff++/original_sequences/youtube/c23/videos/705.mp4,train
706.mp4,/faceforensics/ff++/original_sequences/youtube/c23/videos/706.mp4,train
707.mp4,/faceforensics/ff++/original_sequences/youtube/c23/videos/707.mp4,test
708.mp4,/faceforensics/ff++/original_sequences/youtube/c23/videos/708.mp4,train
709.mp4,/faceforensics/ff++/original_sequences/youtube/c23/videos/709.mp4,train
710.mp4,/faceforensics/ff++/original_sequences/youtube/c23/videos/710.mp4,train
711.mp4,/faceforensics/ff++/original_sequences/youtube/c23/videos/711.mp4,train
712.mp4,/faceforensics/ff++/original_sequences/youtube/c23/videos/712.mp4,train
713.mp4,/faceforensics/ff++/original_sequences/youtube/c23/videos/713.mp4,train
714.mp4,/faceforensics/ff++/original_sequences/youtube/c23/videos/714.mp4,val
715.mp4,/faceforensics/ff++/original_sequences/youtube/c23/videos/715.mp4,train
716.mp4,/faceforensics/ff++/original_sequences/youtube/c23/videos/716.mp4,train
717.mp4,/faceforensics/ff++/original_sequences/youtube/c23/videos/717.mp4,train
718.mp4,/faceforensics/ff++/original_sequences/youtube/c23/videos/718.mp4,train
719.mp4,/faceforensics/ff++/original_sequences/youtube/c23/videos/719.mp4,val
720.mp4,/faceforensics/ff++/original_sequences/youtube/c23/videos/720.mp4,train
721.mp4,/faceforensics/ff++/original_sequences/youtube/c23/videos/721.mp4,train
722.mp4,/faceforensics/ff++/original_sequences/youtube/c23/videos/722.mp4,train
723.mp4,/faceforensics/ff++/original_sequences/youtube/c23/videos/723.mp4,test
724.mp4,/faceforensics/ff++/original_sequences/youtube/c23/videos/724.mp4,train
725.mp4,/faceforensics/ff++/original_sequences/youtube/c23/videos/725.mp4,val
726.mp4,/faceforensics/ff++/original_sequences/youtube/c23/videos/726.mp4,train
727.mp4,/faceforensics/ff++/original_sequences/youtube/c23/videos/727.mp4,train
728.mp4,/faceforensics/ff++/original_sequences/youtube/c23/videos/728.mp4,train
729.mp4,/faceforensics/ff++/original_sequences/youtube/c23/videos/729.mp4,train
730.mp4,/faceforensics/ff++/original_sequences/youtube/c23/videos/730.mp4,train
731.mp4,/faceforensics/ff++/original_sequences/youtube/c23/videos/731.mp4,train
732.mp4,/faceforensics/ff++/original_sequences/youtube/c23/videos/732.mp4,train
733.mp4,/faceforensics/ff++/original_sequences/youtube/c23/videos/733.mp4,train
734.mp4,/faceforensics/ff++/original_sequences/youtube/c23/videos/734.mp4,val
735.mp4,/faceforensics/ff++/original_sequences/youtube/c23/videos/735.mp4,val
736.mp4,/faceforensics/ff++/original_sequences/youtube/c23/videos/736.mp4,train
737.mp4,/faceforensics/ff++/original_sequences/youtube/c23/videos/737.mp4,train
738.mp4,/faceforensics/ff++/original_sequences/youtube/c23/videos/738.mp4,train
739.mp4,/faceforensics/ff++/original_sequences/youtube/c23/videos/739.mp4,train
740.mp4,/faceforensics/ff++/original_sequences/youtube/c23/videos/740.mp4,train
741.mp4,/faceforensics/ff++/original_sequences/youtube/c23/videos/741.mp4,train
742.mp4,/faceforensics/ff++/original_sequences/youtube/c23/videos/742.mp4,train
743.mp4,/faceforensics/ff++/original_sequences/youtube/c23/videos/743.mp4,train
744.mp4,/faceforensics/ff++/original_sequences/youtube/c23/videos/744.mp4,train
745.mp4,/faceforensics/ff++/original_sequences/youtube/c23/videos/745.mp4,train
746.mp4,/faceforensics/ff++/original_sequences/youtube/c23/videos/746.mp4,train
747.mp4,/faceforensics/ff++/original_sequences/youtube/c23/videos/747.mp4,train
748.mp4,/faceforensics/ff++/original_sequences/youtube/c23/videos/748.mp4,train
749.mp4,/faceforensics/ff++/original_sequences/youtube/c23/videos/749.mp4,train
750.mp4,/faceforensics/ff++/original_sequences/youtube/c23/videos/750.mp4,train
751.mp4,/faceforensics/ff++/original_sequences/youtube/c23/videos/751.mp4,train
752.mp4,/faceforensics/ff++/original_sequences/youtube/c23/videos/752.mp4,train
753.mp4,/faceforensics/ff++/original_sequences/youtube/c23/videos/753.mp4,train
754.mp4,/faceforensics/ff++/original_sequences/youtube/c23/videos/754.mp4,train
755.mp4,/faceforensics/ff++/original_sequences/youtube/c23/videos/755.mp4,train
756.mp4,/faceforensics/ff++/original_sequences/youtube/c23/videos/756.mp4,train
757.mp4,/faceforensics/ff++/original_sequences/youtube/c23/videos/757.mp4,train
758.mp4,/faceforensics/ff++/original_sequences/youtube/c23/videos/758.mp4,train
759.mp4,/faceforensics/ff++/original_sequences/youtube/c23/videos/759.mp4,train
760.mp4,/faceforensics/ff++/original_sequences/youtube/c23/videos/760.mp4,train
761.mp4,/faceforensics/ff++/original_sequences/youtube/c23/videos/761.mp4,train
762.mp4,/faceforensics/ff++/original_sequences/youtube/c23/videos/762.mp4,train
763.mp4,/faceforensics/ff++/original_sequences/youtube/c23/videos/763.mp4,train
764.mp4,/faceforensics/ff++/original_sequences/youtube/c23/videos/764.mp4,train
765.mp4,/faceforensics/ff++/original_sequences/youtube/c23/videos/765.mp4,train
766.mp4,/faceforensics/ff++/original_sequences/youtube/c23/videos/766.mp4,train
767.mp4,/faceforensics/ff++/original_sequences/youtube/c23/videos/767.mp4,train
768.mp4,/faceforensics/ff++/original_sequences/youtube/c23/videos/768.mp4,train
769.mp4,/faceforensics/ff++/original_sequences/youtube/c23/videos/769.mp4,train
770.mp4,/faceforensics/ff++/original_sequences/youtube/c23/videos/770.mp4,train
771.mp4,/faceforensics/ff++/original_sequences/youtube/c23/videos/771.mp4,train
772.mp4,/faceforensics/ff++/original_sequences/youtube/c23/videos/772.mp4,test
773.mp4,/faceforensics/ff++/original_sequences/youtube/c23/videos/773.mp4,train
774.mp4,/faceforensics/ff++/original_sequences/youtube/c23/videos/774.mp4,train
775.mp4,/faceforensics/ff++/original_sequences/youtube/c23/videos/775.mp4,test
776.mp4,/faceforensics/ff++/original_sequences/youtube/c23/videos/776.mp4,train
777.mp4,/faceforensics/ff++/original_sequences/youtube/c23/videos/777.mp4,train
778.mp4,/faceforensics/ff++/original_sequences/youtube/c23/videos/778.mp4,train
779.mp4,/faceforensics/ff++/original_sequences/youtube/c23/videos/779.mp4,train
780.mp4,/faceforensics/ff++/original_sequences/youtube/c23/videos/780.mp4,train
781.mp4,/faceforensics/ff++/original_sequences/youtube/c23/videos/781.mp4,train
782.mp4,/faceforensics/ff++/original_sequences/youtube/c23/videos/782.mp4,train
783.mp4,/faceforensics/ff++/original_sequences/youtube/c23/videos/783.mp4,train
784.mp4,/faceforensics/ff++/original_sequences/youtube/c23/videos/784.mp4,train
785.mp4,/faceforensics/ff++/original_sequences/youtube/c23/videos/785.mp4,test
786.mp4,/faceforensics/ff++/original_sequences/youtube/c23/videos/786.mp4,train
787.mp4,/faceforensics/ff++/original_sequences/youtube/c23/videos/787.mp4,train
788.mp4,/faceforensics/ff++/original_sequences/youtube/c23/videos/788.mp4,train
789.mp4,/faceforensics/ff++/original_sequences/youtube/c23/videos/789.mp4,train
790.mp4,/faceforensics/ff++/original_sequences/youtube/c23/videos/790.mp4,val
791.mp4,/faceforensics/ff++/original_sequences/youtube/c23/videos/791.mp4,train
792.mp4,/faceforensics/ff++/original_sequences/youtube/c23/videos/792.mp4,train
793.mp4,/faceforensics/ff++/original_sequences/youtube/c23/videos/793.mp4,train
794.mp4,/faceforensics/ff++/original_sequences/youtube/c23/videos/794.mp4,train
795.mp4,/faceforensics/ff++/original_sequences/youtube/c23/videos/795.mp4,test
796.mp4,/faceforensics/ff++/original_sequences/youtube/c23/videos/796.mp4,train
797.mp4,/faceforensics/ff++/original_sequences/youtube/c23/videos/797.mp4,train
798.mp4,/faceforensics/ff++/original_sequences/youtube/c23/videos/798.mp4,train
799.mp4,/faceforensics/ff++/original_sequences/youtube/c23/videos/799.mp4,train
800.mp4,/faceforensics/ff++/original_sequences/youtube/c23/videos/800.mp4,train
801.mp4,/faceforensics/ff++/original_sequences/youtube/c23/videos/801.mp4,train
802.mp4,/faceforensics/ff++/original_sequences/youtube/c23/videos/802.mp4,train
803.mp4,/faceforensics/ff++/original_sequences/youtube/c23/videos/803.mp4,train
804.mp4,/faceforensics/ff++/original_sequences/youtube/c23/videos/804.mp4,train
805.mp4,/faceforensics/ff++/original_sequences/youtube/c23/videos/805.mp4,train
806.mp4,/faceforensics/ff++/original_sequences/youtube/c23/videos/806.mp4,train
807.mp4,/faceforensics/ff++/original_sequences/youtube/c23/videos/807.mp4,train
808.mp4,/faceforensics/ff++/original_sequences/youtube/c23/videos/808.mp4,train
809.mp4,/faceforensics/ff++/original_sequences/youtube/c23/videos/809.mp4,train
810.mp4,/faceforensics/ff++/original_sequences/youtube/c23/videos/810.mp4,train
811.mp4,/faceforensics/ff++/original_sequences/youtube/c23/videos/811.mp4,train
812.mp4,/faceforensics/ff++/original_sequences/youtube/c23/videos/812.mp4,train
813.mp4,/faceforensics/ff++/original_sequences/youtube/c23/videos/813.mp4,train
814.mp4,/faceforensics/ff++/original_sequences/youtube/c23/videos/814.mp4,train
815.mp4,/faceforensics/ff++/original_sequences/youtube/c23/videos/815.mp4,train
816.mp4,/faceforensics/ff++/original_sequences/youtube/c23/videos/816.mp4,test
817.mp4,/faceforensics/ff++/original_sequences/youtube/c23/videos/817.mp4,test
818.mp4,/faceforensics/ff++/original_sequences/youtube/c23/videos/818.mp4,train
819.mp4,/faceforensics/ff++/original_sequences/youtube/c23/videos/819.mp4,val
820.mp4,/faceforensics/ff++/original_sequences/youtube/c23/videos/820.mp4,val
821.mp4,/faceforensics/ff++/original_sequences/youtube/c23/videos/821.mp4,train
822.mp4,/faceforensics/ff++/original_sequences/youtube/c23/videos/822.mp4,train
823.mp4,/faceforensics/ff++/original_sequences/youtube/c23/videos/823.mp4,train
824.mp4,/faceforensics/ff++/original_sequences/youtube/c23/videos/824.mp4,train
825.mp4,/faceforensics/ff++/original_sequences/youtube/c23/videos/825.mp4,test
826.mp4,/faceforensics/ff++/original_sequences/youtube/c23/videos/826.mp4,train
827.mp4,/faceforensics/ff++/original_sequences/youtube/c23/videos/827.mp4,train
828.mp4,/faceforensics/ff++/original_sequences/youtube/c23/videos/828.mp4,test
829.mp4,/faceforensics/ff++/original_sequences/youtube/c23/videos/829.mp4,train
830.mp4,/faceforensics/ff++/original_sequences/youtube/c23/videos/830.mp4,train
831.mp4,/faceforensics/ff++/original_sequences/youtube/c23/videos/831.mp4,train
832.mp4,/faceforensics/ff++/original_sequences/youtube/c23/videos/832.mp4,test
833.mp4,/faceforensics/ff++/original_sequences/youtube/c23/videos/833.mp4,test
834.mp4,/faceforensics/ff++/original_sequences/youtube/c23/videos/834.mp4,train
835.mp4,/faceforensics/ff++/original_sequences/youtube/c23/videos/835.mp4,train
836.mp4,/faceforensics/ff++/original_sequences/youtube/c23/videos/836.mp4,test
837.mp4,/faceforensics/ff++/original_sequences/youtube/c23/videos/837.mp4,train
838.mp4,/faceforensics/ff++/original_sequences/youtube/c23/videos/838.mp4,train
839.mp4,/faceforensics/ff++/original_sequences/youtube/c23/videos/839.mp4,train
840.mp4,/faceforensics/ff++/original_sequences/youtube/c23/videos/840.mp4,train
841.mp4,/faceforensics/ff++/original_sequences/youtube/c23/videos/841.mp4,train
842.mp4,/faceforensics/ff++/original_sequences/youtube/c23/videos/842.mp4,train
843.mp4,/faceforensics/ff++/original_sequences/youtube/c23/videos/843.mp4,train
844.mp4,/faceforensics/ff++/original_sequences/youtube/c23/videos/844.mp4,train
845.mp4,/faceforensics/ff++/original_sequences/youtube/c23/videos/845.mp4,train
846.mp4,/faceforensics/ff++/original_sequences/youtube/c23/videos/846.mp4,train
847.mp4,/faceforensics/ff++/original_sequences/youtube/c23/videos/847.mp4,train
848.mp4,/faceforensics/ff++/original_sequences/youtube/c23/videos/848.mp4,train
849.mp4,/faceforensics/ff++/original_sequences/youtube/c23/videos/849.mp4,train
850.mp4,/faceforensics/ff++/original_sequences/youtube/c23/videos/850.mp4,train
851.mp4,/faceforensics/ff++/original_sequences/youtube/c23/videos/851.mp4,train
852.mp4,/faceforensics/ff++/original_sequences/youtube/c23/videos/852.mp4,train
853.mp4,/faceforensics/ff++/original_sequences/youtube/c23/videos/853.mp4,train
854.mp4,/faceforensics/ff++/original_sequences/youtube/c23/videos/854.mp4,train
855.mp4,/faceforensics/ff++/original_sequences/youtube/c23/videos/855.mp4,val
856.mp4,/faceforensics/ff++/original_sequences/youtube/c23/videos/856.mp4,test
857.mp4,/faceforensics/ff++/original_sequences/youtube/c23/videos/857.mp4,train
858.mp4,/faceforensics/ff++/original_sequences/youtube/c23/videos/858.mp4,train
859.mp4,/faceforensics/ff++/original_sequences/youtube/c23/videos/859.mp4,test
860.mp4,/faceforensics/ff++/original_sequences/youtube/c23/videos/860.mp4,train
861.mp4,/faceforensics/ff++/original_sequences/youtube/c23/videos/861.mp4,train
862.mp4,/faceforensics/ff++/original_sequences/youtube/c23/videos/862.mp4,train
863.mp4,/faceforensics/ff++/original_sequences/youtube/c23/videos/863.mp4,train
864.mp4,/faceforensics/ff++/original_sequences/youtube/c23/videos/864.mp4,train
865.mp4,/faceforensics/ff++/original_sequences/youtube/c23/videos/865.mp4,train
866.mp4,/faceforensics/ff++/original_sequences/youtube/c23/videos/866.mp4,train
867.mp4,/faceforensics/ff++/original_sequences/youtube/c23/videos/867.mp4,train
868.mp4,/faceforensics/ff++/original_sequences/youtube/c23/videos/868.mp4,train
869.mp4,/faceforensics/ff++/original_sequences/youtube/c23/videos/869.mp4,train
870.mp4,/faceforensics/ff++/original_sequences/youtube/c23/videos/870.mp4,train
871.mp4,/faceforensics/ff++/original_sequences/youtube/c23/videos/871.mp4,train
872.mp4,/faceforensics/ff++/original_sequences/youtube/c23/videos/872.mp4,train
873.mp4,/faceforensics/ff++/original_sequences/youtube/c23/videos/873.mp4,train
874.mp4,/faceforensics/ff++/original_sequences/youtube/c23/videos/874.mp4,train
875.mp4,/faceforensics/ff++/original_sequences/youtube/c23/videos/875.mp4,train
876.mp4,/faceforensics/ff++/original_sequences/youtube/c23/videos/876.mp4,test
877.mp4,/faceforensics/ff++/original_sequences/youtube/c23/videos/877.mp4,train
878.mp4,/faceforensics/ff++/original_sequences/youtube/c23/videos/878.mp4,train
879.mp4,/faceforensics/ff++/original_sequences/youtube/c23/videos/879.mp4,train
880.mp4,/faceforensics/ff++/original_sequences/youtube/c23/videos/880.mp4,test
881.mp4,/faceforensics/ff++/original_sequences/youtube/c23/videos/881.mp4,train
882.mp4,/faceforensics/ff++/original_sequences/youtube/c23/videos/882.mp4,train
883.mp4,/faceforensics/ff++/original_sequences/youtube/c23/videos/883.mp4,train
884.mp4,/faceforensics/ff++/original_sequences/youtube/c23/videos/884.mp4,train
885.mp4,/faceforensics/ff++/original_sequences/youtube/c23/videos/885.mp4,test
886.mp4,/faceforensics/ff++/original_sequences/youtube/c23/videos/886.mp4,train
887.mp4,/faceforensics/ff++/original_sequences/youtube/c23/videos/887.mp4,train
888.mp4,/faceforensics/ff++/original_sequences/youtube/c23/videos/888.mp4,train
889.mp4,/faceforensics/ff++/original_sequences/youtube/c23/videos/889.mp4,train
890.mp4,/faceforensics/ff++/original_sequences/youtube/c23/videos/890.mp4,train
891.mp4,/faceforensics/ff++/original_sequences/youtube/c23/videos/891.mp4,train
892.mp4,/faceforensics/ff++/original_sequences/youtube/c23/videos/892.mp4,val
893.mp4,/faceforensics/ff++/original_sequences/youtube/c23/videos/893.mp4,train
894.mp4,/faceforensics/ff++/original_sequences/youtube/c23/videos/894.mp4,train
895.mp4,/faceforensics/ff++/original_sequences/youtube/c23/videos/895.mp4,test
896.mp4,/faceforensics/ff++/original_sequences/youtube/c23/videos/896.mp4,train
897.mp4,/faceforensics/ff++/original_sequences/youtube/c23/videos/897.mp4,train
898.mp4,/faceforensics/ff++/original_sequences/youtube/c23/videos/898.mp4,train
899.mp4,/faceforensics/ff++/original_sequences/youtube/c23/videos/899.mp4,train
900.mp4,/faceforensics/ff++/original_sequences/youtube/c23/videos/900.mp4,val
901.mp4,/faceforensics/ff++/original_sequences/youtube/c23/videos/901.mp4,test
902.mp4,/faceforensics/ff++/original_sequences/youtube/c23/videos/902.mp4,test
903.mp4,/faceforensics/ff++/original_sequences/youtube/c23/videos/903.mp4,val
904.mp4,/faceforensics/ff++/original_sequences/youtube/c23/videos/904.mp4,train
905.mp4,/faceforensics/ff++/original_sequences/youtube/c23/videos/905.mp4,train
906.mp4,/faceforensics/ff++/original_sequences/youtube/c23/videos/906.mp4,train
907.mp4,/faceforensics/ff++/original_sequences/youtube/c23/videos/907.mp4,train
908.mp4,/faceforensics/ff++/original_sequences/youtube/c23/videos/908.mp4,train
909.mp4,/faceforensics/ff++/original_sequences/youtube/c23/videos/909.mp4,train
910.mp4,/faceforensics/ff++/original_sequences/youtube/c23/videos/910.mp4,train
911.mp4,/faceforensics/ff++/original_sequences/youtube/c23/videos/911.mp4,test
912.mp4,/faceforensics/ff++/original_sequences/youtube/c23/videos/912.mp4,test
913.mp4,/faceforensics/ff++/original_sequences/youtube/c23/videos/913.mp4,train
914.mp4,/faceforensics/ff++/original_sequences/youtube/c23/videos/914.mp4,train
915.mp4,/faceforensics/ff++/original_sequences/youtube/c23/videos/915.mp4,train
916.mp4,/faceforensics/ff++/original_sequences/youtube/c23/videos/916.mp4,train
917.mp4,/faceforensics/ff++/original_sequences/youtube/c23/videos/917.mp4,train
918.mp4,/faceforensics/ff++/original_sequences/youtube/c23/videos/918.mp4,train
919.mp4,/faceforensics/ff++/original_sequences/youtube/c23/videos/919.mp4,train
920.mp4,/faceforensics/ff++/original_sequences/youtube/c23/videos/920.mp4,train
921.mp4,/faceforensics/ff++/original_sequences/youtube/c23/videos/921.mp4,train
922.mp4,/faceforensics/ff++/original_sequences/youtube/c23/videos/922.mp4,train
923.mp4,/faceforensics/ff++/original_sequences/youtube/c23/videos/923.mp4,val
924.mp4,/faceforensics/ff++/original_sequences/youtube/c23/videos/924.mp4,train
925.mp4,/faceforensics/ff++/original_sequences/youtube/c23/videos/925.mp4,train
926.mp4,/faceforensics/ff++/original_sequences/youtube/c23/videos/926.mp4,train
927.mp4,/faceforensics/ff++/original_sequences/youtube/c23/videos/927.mp4,test
928.mp4,/faceforensics/ff++/original_sequences/youtube/c23/videos/928.mp4,val
929.mp4,/faceforensics/ff++/original_sequences/youtube/c23/videos/929.mp4,train
930.mp4,/faceforensics/ff++/original_sequences/youtube/c23/videos/930.mp4,train
931.mp4,/faceforensics/ff++/original_sequences/youtube/c23/videos/931.mp4,train
932.mp4,/faceforensics/ff++/original_sequences/youtube/c23/videos/932.mp4,train
933.mp4,/faceforensics/ff++/original_sequences/youtube/c23/videos/933.mp4,val
934.mp4,/faceforensics/ff++/original_sequences/youtube/c23/videos/934.mp4,train
935.mp4,/faceforensics/ff++/original_sequences/youtube/c23/videos/935.mp4,train
936.mp4,/faceforensics/ff++/original_sequences/youtube/c23/videos/936.mp4,val
937.mp4,/faceforensics/ff++/original_sequences/youtube/c23/videos/937.mp4,train
938.mp4,/faceforensics/ff++/original_sequences/youtube/c23/videos/938.mp4,test
939.mp4,/faceforensics/ff++/original_sequences/youtube/c23/videos/939.mp4,train
940.mp4,/faceforensics/ff++/original_sequences/youtube/c23/videos/940.mp4,train
941.mp4,/faceforensics/ff++/original_sequences/youtube/c23/videos/941.mp4,train
942.mp4,/faceforensics/ff++/original_sequences/youtube/c23/videos/942.mp4,train
943.mp4,/faceforensics/ff++/original_sequences/youtube/c23/videos/943.mp4,train
944.mp4,/faceforensics/ff++/original_sequences/youtube/c23/videos/944.mp4,train
945.mp4,/faceforensics/ff++/original_sequences/youtube/c23/videos/945.mp4,train
946.mp4,/faceforensics/ff++/original_sequences/youtube/c23/videos/946.mp4,train
947.mp4,/faceforensics/ff++/original_sequences/youtube/c23/videos/947.mp4,train
948.mp4,/faceforensics/ff++/original_sequences/youtube/c23/videos/948.mp4,test
949.mp4,/faceforensics/ff++/original_sequences/youtube/c23/videos/949.mp4,val
950.mp4,/faceforensics/ff++/original_sequences/youtube/c23/videos/950.mp4,train
951.mp4,/faceforensics/ff++/original_sequences/youtube/c23/videos/951.mp4,train
952.mp4,/faceforensics/ff++/original_sequences/youtube/c23/videos/952.mp4,train
953.mp4,/faceforensics/ff++/original_sequences/youtube/c23/videos/953.mp4,train
954.mp4,/faceforensics/ff++/original_sequences/youtube/c23/videos/954.mp4,train
955.mp4,/faceforensics/ff++/original_sequences/youtube/c23/videos/955.mp4,train
956.mp4,/faceforensics/ff++/original_sequences/youtube/c23/videos/956.mp4,train
957.mp4,/faceforensics/ff++/original_sequences/youtube/c23/videos/957.mp4,train
958.mp4,/faceforensics/ff++/original_sequences/youtube/c23/videos/958.mp4,train
959.mp4,/faceforensics/ff++/original_sequences/youtube/c23/videos/959.mp4,test
960.mp4,/faceforensics/ff++/original_sequences/youtube/c23/videos/960.mp4,train
961.mp4,/faceforensics/ff++/original_sequences/youtube/c23/videos/961.mp4,test
962.mp4,/faceforensics/ff++/original_sequences/youtube/c23/videos/962.mp4,train
963.mp4,/faceforensics/ff++/original_sequences/youtube/c23/videos/963.mp4,train
964.mp4,/faceforensics/ff++/original_sequences/youtube/c23/videos/964.mp4,train
965.mp4,/faceforensics/ff++/original_sequences/youtube/c23/videos/965.mp4,train
966.mp4,/faceforensics/ff++/original_sequences/youtube/c23/videos/966.mp4,train
967.mp4,/faceforensics/ff++/original_sequences/youtube/c23/videos/967.mp4,train
968.mp4,/faceforensics/ff++/original_sequences/youtube/c23/videos/968.mp4,val
969.mp4,/faceforensics/ff++/original_sequences/youtube/c23/videos/969.mp4,train
970.mp4,/faceforensics/ff++/original_sequences/youtube/c23/videos/970.mp4,test
971.mp4,/faceforensics/ff++/original_sequences/youtube/c23/videos/971.mp4,train
972.mp4,/faceforensics/ff++/original_sequences/youtube/c23/videos/972.mp4,train
973.mp4,/faceforensics/ff++/original_sequences/youtube/c23/videos/973.mp4,train
974.mp4,/faceforensics/ff++/original_sequences/youtube/c23/videos/974.mp4,test
975.mp4,/faceforensics/ff++/original_sequences/youtube/c23/videos/975.mp4,train
976.mp4,/faceforensics/ff++/original_sequences/youtube/c23/videos/976.mp4,train
977.mp4,/faceforensics/ff++/original_sequences/youtube/c23/videos/977.mp4,val
978.mp4,/faceforensics/ff++/original_sequences/youtube/c23/videos/978.mp4,train
979.mp4,/faceforensics/ff++/original_sequences/youtube/c23/videos/979.mp4,train
980.mp4,/faceforensics/ff++/original_sequences/youtube/c23/videos/980.mp4,train
981.mp4,/faceforensics/ff++/original_sequences/youtube/c23/videos/981.mp4,train
982.mp4,/faceforensics/ff++/original_sequences/youtube/c23/videos/982.mp4,train
983.mp4,/faceforensics/ff++/original_sequences/youtube/c23/videos/983.mp4,train
984.mp4,/faceforensics/ff++/original_sequences/youtube/c23/videos/984.mp4,val
985.mp4,/faceforensics/ff++/original_sequences/youtube/c23/videos/985.mp4,train
986.mp4,/faceforensics/ff++/original_sequences/youtube/c23/videos/986.mp4,train
987.mp4,/faceforensics/ff++/original_sequences/youtube/c23/videos/987.mp4,val
988.mp4,/faceforensics/ff++/original_sequences/youtube/c23/videos/988.mp4,train
989.mp4,/faceforensics/ff++/original_sequences/youtube/c23/videos/989.mp4,train
990.mp4,/faceforensics/ff++/original_sequences/youtube/c23/videos/990.mp4,train
991.mp4,/faceforensics/ff++/original_sequences/youtube/c23/videos/991.mp4,train
992.mp4,/faceforensics/ff++/original_sequences/youtube/c23/videos/992.mp4,train
993.mp4,/faceforensics/ff++/original_sequences/youtube/c23/videos/993.mp4,train
994.mp4,/faceforensics/ff++/original_sequences/youtube/c23/videos/994.mp4,train
995.mp4,/faceforensics/ff++/original_sequences/youtube/c23/videos/995.mp4,train
996.mp4,/faceforensics/ff++/original_sequences/youtube/c23/videos/996.mp4,train
997.mp4,/faceforensics/ff++/original_sequences/youtube/c23/videos/997.mp4,train
998.mp4,/faceforensics/ff++/original_sequences/youtube/c23/videos/998.mp4,train
999.mp4,/faceforensics/ff++/original_sequences/youtube/c23/videos/999.mp4,train
